Age,Annual_Income_LPA,Policy_Term_Years,Sum_Assured_Lakhs
2.0455597759790423,2.185307342645007,-2.6457513110645907,2.5565429005220985
-1.2273358655874254,-1.1832639757736378,0.37796447300922725,-1.2642245112471917
